name;area of expertise;topic;keywords;date;preferred city
;;;;15/04/2019
;;;;17/01/2023;not set
Maarten Schenk;Fact Checker & Developer;Lead Stories;fact checking;25/04/2019;​
AIMILIA ZISIADI;PhD candidate;VUB;Reproductive Biology, Fertility Preservation, Follicle Biology;16/12/2022;Leuven
Abir Asmar;Post-Doctoral Researcher, Member of Welbio grantee team;UC Louvain;Antibiotic resistance;09/04/2019;Leuven
Abraham Lin;FWO Senior Researcher;University of Antwerp;Biomedical Engineering, Plasma Physics & Chemistry, Oncology;17/04/2023;Ostend
Adrian Ranga;Assistant Professor;KU Leuven;Bioengineering and Morphogenesis;19/08/2020;​
Adrien Voisin;Informaticien et Doctorant;Faculté d’Informatique de l’Université de Namur;Informatique, pollution liée à internet;01/09/2020;not set
Aerts Conny;ERC Grantee;KULeuven / ERC;asteroseismology;11/04/2019;​
Agnes Dekeyser;PhD Student;UCL;MARS colonization;17/04/2023;Brussels
Alain Jorissen;Professor & Director of Astronomy and Astrophysics Institute;Université Libre de Bruxelles;Astrophysics, red giants, GAIA mission;14/04/2019;Leuven
Alain Musset;Géographe et Directeur d'études;École des hautes études en sciences sociales (EHESS);Science sociales, science fiction, urbanisme;29/04/2021;​
Alba Alvarez Martin;Postdoc;University of Antwerp;Conservation science. Study of the degradation of museum collections;09/12/2019;Ostend
Alba Lopez-Moraga;PhD Student;KU Leuven;;12/04/2023;​
Alban de Kerchove;Principal Investigator, Welbio grantee;IRIBHM - ULB;Neurophysiology;11/04/2019;Leuven
Alex Karl;Space engineer, Chair of the IAF's Technical Committee on NEOs;Space Applications Services;Planetary defense, asteroids, ISS operations engineer;23/06/2021;​
Alexandra Rodler;Post-Doctoral Researcher;Vrije Universiteit Brussel;Geology, snowball earth, antartica, climate;14/04/2019;Leuven
Alexandra Sánchez;PhD Fellow, Faculty of Arts;KU Leuven;Media and Communication;08/04/2019;​
Alexandre Barthelme;Principal Scientist, Late Stage Process Research and Development;UCB pharma;Organic chemistry - pharmaceutical science;19/05/2019;Leuven
Alexey Kubarev;Postoctoral Fellow of FWO;Alexey Kubarev;Catalysis and Microscopy;12/04/2019;Brussels
Alice Van Audenhaege;PhD candidate;UCL;Visual Language and Neuroscience;16/04/2023;Leuven
Allisha Ali;CEO;Allisha Ali Coaching and Mentoring;Future of leadership and communication for scientists;22/04/2022;​
Alvaro Daniel Fernandez;PhD Student;VIB Ugent;Plant stresses, Wounding, Degrading enzymes;14/12/2020;​
An Ghysels;Assistant Professor;Center for Molecular Modeling, University of Ghent;algorithms for the normal mode calculation in large biomolecular systems;13/04/2019;​
An Hardy;Hoogleraar;Universiteit Hasselt, EnergyVille;Battery Research, lithium, energy storage;24/04/2019;​
Ana Cristina N. Freitas;Post-doctoral fellow;VIB-KU Leuven;Venom, medicine;18/04/2022;Brussels
Anastasia Papangelou;Doctoral Researcher;KU Leuven;Recycling, waste streams;01/09/2020;Leuven
Andrea Pitillas Martinez;PhD in Batteries research;IMEC;Nanometric hybrid coatings and possible applications;16/09/2019;Brussels
Anna Vanluchene;Postdoc (MSCA action fellow);Ghent University;Chemical engineering, green sustainable chemistry;16/01/2023;​
Annalena Fuchs;PhD Student;KU Leuven;;12/04/2023;​
Anne Willems;Doctor in Psychology;KU Leuven, Laboratory of Biological Psychology;affective neuroscience, biological psychology;12/02/2024;Leuven
Annelies Declercq;Postdoctoral researcher;Flanders Marine Institute (VLIZ);Veterinary Medicine and Aquaculture;12/04/2019;Antwerp
Annelies Duerinckx;Coordinator;Scivil;Citizen science;17/04/2023;​
Annelies Van Assche;Researcher at the Department of Art, Music and Theatre Sciences;Ghent University;Theatre studies and sociological research methodologies;11/04/2019;​
Annette Caenen;post-doc;Ghent University/KULeuven;medical imaging, computer modeling, cardiac application;30/05/2023;not set
Annie Cuyt;;University of Antwerp, Faculty of Sciences;Maths empowers: from rabbits breeding to the ageing brain and radar imaging.;13/04/2019;Ostend
Anthonie Hellemond;President of Palaeontologica Belgica;Vrije Universiteit Brussel;Paleontology, Geology, Citizen Science;29/01/2024;not set
Antonieta Ramirez;PhD student;HiQnano srl/ University of Salento;Material Science, Synthesis and functionalization of nanoparticles for biomedice;21/11/2022;Brussels
Astrid Gadeyne;Postdoc;VIB/UGent;Plant biotech, nitrogen and growth conditions in plants,;11/04/2019;​
Athanasia Vidali Soula;Visual Artist;Université de Liège;Dessin et Animalité. Le tracé aux prises avec l’altérité;02/04/2019;​
Axel Cleeremans;Director, ERC Grantee;Neuroscience Institute, Université Libre de Bruxelles;Neuroscience, Consciousness;04/03/2019;Leuven
Axel Marx;Deputy Director of the Leuven Centre for Global Governance Studies;KULeuven;Sustainability Labels. What are they and do they make a difference?;17/04/2023;Brussels
Axelle Calcus;Postdoctoral researcher;Ecole Normale Supérieure;Auditory Cognitive Neuroscience, Development, Hearing Loss;10/04/2019;Leuven
Bart Hens;Post-doctoral researcher;KULeuven;Farmacotechnology and biopharmacie;16/04/2019;Brussels
Bart Leenknegt;Director Onderzoek, Dienstverlening, Valorisatie en Wetenschapscommunicatie;Onderzoeker Howest;Aquaponics;13/04/2019;​
Bart Vanhaelewyn;Doctoraal onderzoeker en onderwijsassistent;Universiteit Gent;Fake news, social media;15/04/2019;​
Bart Vermang;Hoofddocent, ERC Grantee;Universiteit Hasselt;Materials, Thin films for new photovoltaic panels;14/04/2019;​
Ben Craps;Professor;Vrije Universiteit Brussel & International Solvay Institutes;Theoretical Particle Physics: String Cosmology;11/04/2019;Leuven
Ben Hartwig;Dr. rer. nat.;Neuroblitz - Science, Communication, Improvisation;Epigenetics, Applied Improvisation;07/05/2019;Leuven
Ben Somers;Postdoctoral researcher in Audiology and Neuroscience;KU Leuven;Hearing aids;30/04/2021;Brussels
Bert Fraussen;Assistant Professor;Leiden University;lobbying, interest groups and stakeholder engagement;27/03/2022;​
Bert Vercnocke;Prof. Dr.;KU Leuven, Institute of Theoretical Physics;De zwartste geheimen van het heelal;13/04/2019;not set
Bert Vercnocke;Professor @ Institute of Theoretical Physics;KU Leuven;Working on theoritical physics, related to string theory and black holes;18/03/2019;​
Bert Verstaen;Artist 'Graffitilights';Teacher by day, and artist 'Graffitilights' by night;Use of lightgraffiti using programmable LED-strips and photography;11/04/2019;​
Bertrand Renard;Researcher;Institut National de Criminalistique et de Criminologie;Criminology, role of DNA;04/03/2019;Leuven
Bethan Burnside;Neuroscience Communicator;VIB-KU Leuven Center for Brain & Disease Research;At the nexus of science communication, art curation, and neurodiversity advocacy.;15/01/2024;Antwerp
Bieke Vanslembrouck;PhD Student;Ghent University;Heart failure in young athletes;13/04/2019;​
Bob Oeyen;PhD student in astroparticle physics;Ghent University;Astroparticle physics, particle detection, cosmic rays, neutrinos;10/09/2021;​
Boris Krywicki;Doctorant;Université de Liège, Liège Game Lab;Video Games;20/04/2019;not set
Bram De Ridder;Postdoctoral Fellow, Faculty of Arts;KU Leuven;Early Modern History;08/04/2019;​
Bram Steenwinckel;Doctoraatsstudent;UGent;Artificial Intelligence;26/03/2019;​
Bram Wauters;Professor;Ghent University;Political Science;10/04/2019;​
Burlet Christian;Researcher in earth Sciences;Royal Belgian Institute of natural Sciences;ore geology, laser spectrometry, robotics;23/10/2019;Leuven
Carl Boel;Researcher;Odisee University College;Education and Technology;10/04/2019;​
Carlos Moya;Postdoctoral researcher;ULB - Université Libre de Bruxelles;Nanomaterials;22/04/2022;Leuven
Carlos Moya;Postdoctoral researcher at ULB/ Chemist with a PhD in Nanotechnology;ULB. Solbosh campus;Nanoscience, Magnetic nanomaterials, Precious metal recovery;18/02/2021;Leuven
Carmen Schiweck;PhD Student;KU Leuven;Biomedical sciences, mental health;14/04/2019;Brussels
Carmen, Schiweck;PhD candidate;KU Leuven;Psychiatry, Mental health, Immunology;09/05/2019;Leuven
Caroline Verdonck;PhD - student;Ghent University;Integrated Healthcare;04/04/2019;​
Catherine Henrist;Chimiste;Université de Liège;Chimie inorganique, Chimie structurale, alimentation zero dechet;20/04/2019;​
Cecilia Pazzi;PhD student;VIB-KU Leuven;Cancer Biology;18/01/2024;Leuven
Celia Alvarez Fernandez;PhD candidate;Ghent University;Urine recyclage for a crew in space;16/04/2023;Leuven
Cesar A. Urbina Blanco;PostDoctoral Researcher;Ghent University;Converting CO2 into useful chemicals;06/03/2019;​
Chantal Kesteloot;Researcher at Arch Belgium;Arch Belgium;Memory of WWI and WWII;16/04/2023;Brussels
Charlotte Van Driessche;FWO PhD Fellow;Ghent University and Research Institute for Nature and Forest (INBO);;12/04/2023;​
Charysse Vandendriessche & Arnout Bruggeman;PhD student & PhD student en neuroloog-in-opleiding;VIB, Universiteit Gent & UZ Gent;Intestinal flora and the brain: a gut feeling about Parkinson's disease;15/04/2019;​
Chiara Di Fronzo;Postdoc at Precision Mechatronic Laboratory, Université de Liège;Université de Liège;Gravitational waves;29/03/2023;​
Christel De Maeyer;Onderzoeker;Artevelde Hogeschool, associatie Universiteit Gent;Personal Informatics or Quantified Self;02/04/2019;​
Christien Bowman;PhD Researcher;University of Antwerp – Bio Imaging Lab;Neuroscience & Drug Development;17/04/2023;Antwerp
Christine Yung Hung;PostDoc Lecturer and Researcher;Ghent University;Behavioral science, food consumer, public health nutrition, experimental economics;09/05/2019;​
Christine Yung Hung;PostDoc Lecturer and Researcher;Ghent University;To improve consumers' food choice in a way that matches with their preference,;13/05/2019;​
Christophe Barrea;Service Universitaire de Neuropédiatrie;CHR/CHU de Liège;Perturbateurs endocriniens;20/04/2019;​
Christophe Mincke;Researcher;Institut National de Criminalistique et de Criminologie;Criminology, mobility;04/03/2019;Leuven
Christophe Ringeval;Associate Professor;Université Catholique de Louvain;Cosmology, Universe and Relativity;04/03/2019;Brussels
Claessens Benjamin;post-doctoral researcher;Ghent University;chemical engineering;05/08/2022;not set
Claude Semay;Professeur;UMONS;Physique nucléaire et subnucléaire;19/04/2019;​
Cleo Goyvaerts;Postdoctoraal onderzoeker bij het labo voor Moleculaire en Cellulaire Therapie;Vrije Universiteit Brussel, Faculteit Geneeskunde en Farmacie;ANTI-TUMOR IMMUNE THERAPY, cancer, gene therapy;20/04/2019;Leuven
Cole Johnston;Ph.D student, member of an ERC-funded team;KU Leuven;Astronomy: Stellar pulsations and big data;08/04/2019;Brussels
Céline Smekens;;University of Antwerp, Faculty of Sciences;Magnetic resonance images: just pretty pictures, or is there more to it?;13/04/2019;Ostend
Damien Neyens;PhD student in immuno-oncology;UCLouvain, de Duve Institute;Immunology, Immuno-oncology, anti-tumor immune response;22/05/2019;Leuven
Daniel Pérez Lozano;Postdoctoral researcher;IMEC-KU Leuven;Are our bank accounts, national secrets or on-line communications safe? No, of course, if the person trying to get this information has a quantum computer at hand. Daniel Perez, from IMEC will tell us about quantum computers, how this novel technology has promised to revolutionize cryptography, chemistry and logistic, and how we are building one of these computers in Leuven.;18/04/2022;Brussels
Daphne Chylinski;PhD student;Université de Liège;Good Sleep, Healthy Aging;01/09/2020;​
David Cannella;Ass. Professor;ULB, PhotoBioCatalysis Unit;Biofuels;30/04/2021;Leuven
David DOCQUIER;Postdoctoral Researcher;UCLouvain;Modeling of Arctic sea ice and its interactions with the ocean;11/04/2019;Leuven
David Eelbode;;University of Antwerp, Faculty of Sciences;How boring can a number actually be?;13/04/2019;Ostend
Deepak Mehta;Responsible long term partnerships;Technopolis;Makerspaces, hacking concepts, technology curator;18/03/2019;​
Deepshika Arasu;PhD Candidate;Poietis;Stem cells, organoids, mini brains;21/03/2022;Leuven
Devang Mehta;Assistant Professor;Leuven Plant Institute, KU Leuven;Plants on the move: resetting the plant circadian clock for a changing planet;17/04/2023;Brussels
Diana Campillo Davó;Postdoctoral researcher;University of Antwerp;Cancer immunotherapy;22/04/2022;​
Diana Campillo-Davo;Postdoc researcher;University of Antwerp;Cancer immunotherapy;17/03/2022;Leuven
Didier Coeurnelle;Co-président;Heales (healthy Life Extension Society);Healthy longevity;14/04/2019;Leuven
Dirk Jacobs;Professor in sociology , ERC Grantee;Université Libre de Bruxelles;Sociology, ethnic relations, migration, education, equality;01/05/2019;Leuven
Dominic Bowman;Postdoctoral Researcher, member of an ERC-funded team;Institute of Astronomy, KU Leuven;Asteroseismology of intermediate- and high-mass stars;23/04/2019;Brussels
Dr Aaron Torres Huerta;Nanomaterials scientist;Université libre de Bruxelles;TBD;01/05/2022;Leuven
Dr Ignace Adant;Senior Researcher;Earth and Life Institute, Université Catholique de Louvain;Environmental and socio economic analysis of urban systems;31/08/2020;​
Dr. Peter Landschützer;Klimaatonderzoeker en onderzoeksdirecteur, Vlaams Instituut voor de Zee (VLIZ);;;20/04/2023;​
Dr. Soetin Vervust;Landschapsarcheologe, Vrije Universiteit Brussel – Multidisciplinary Archaeological Research Institute (VUB – MARI);;;20/04/2023;not set
Dr. ir. Bavo Dewitte;Instituut voor Landbouw, Visserij en Voedingsonderzoek (ILVO);;;20/04/2023;Ostend
Dries Braeken;R&D Manager;IMEC;Building game-changing tools for life sciences using silicon technology;02/04/2019;Leuven
Dutta, Aniruddha;Research Engineer;OCAS NV/ ArcelorMittal Gent;Metal Physics/ Metallurgy;24/02/2020;​
Elena Ramis Bravo;PhD student;Department of Mechanical Engineering, KU Leuven;Brain architecture: building of our thoughts.;17/04/2023;Brussels
Elke Meyers;PhD researcher;KU Leuven, Faculty Psychology and Educational Sciences, Health Psychology research group;;12/04/2023;​
Ellen Wayenberg;Professor;Ghent University;Public Governance and Management;10/04/2019;​
Elodie Chabrol;Neuroscientist;International Director of Pint of Science;Neuroscience, ocytocin;30/04/2019;​
Els Peeters;Lector and researcher;Odisee University College;Industrial Science and Technology - Biotechnology;10/04/2019;​
Emilie Caspar;Scientific Collaborator;Research Centre of Cognition and Neurosciences (CRNC), ULB;Neuroscience. Free will, volontary action;03/02/2019;Leuven
Emmanuel Van Acker;Academic assistant & PhD student;Ghent University;Oceans and Human health;12/04/2019;Antwerp
Eric Stienen;Senior Marine Scientist;Instituut voor Bos- en Natuuronderzoek;Ecological research on seabirds;12/04/2019;Antwerp
Erika ZAGO;Postdoctoral researcher;Université Libre de Bruxelles;Chemistry;15/02/2021;Leuven
Essie Rodgers;;University of Antwerp, Faculty of Sciences;Not all doom and gloom: the promise of using physiology to conserve the world’s bi;13/04/2019;Ostend
Eva Boonaert;PhD researcher;KU Leuven;;12/04/2023;​
Fanny Barnabé;Chargée de recherches;Université de Liège, Liège Game Lab;Video games;20/04/2019;​
Fernando Prado Araujo;PhD student;KU Leuven;Formation of magmatic rocks inside the planet;17/03/2022;Brussels
Filip Huyghe;Postdoctoral researcher of Marine Biology;Vrije Universiteit Brussel;Genetics and fish population in Western Indian Ocean.;16/04/2023;Brussels
Filippo Cerpelloni;PhD student;UCL;The basis of reading;17/04/2023;Leuven
Florian Handle;Postdoctoral researcher, molecular endocrinology lab, KU Leuven;KU Leuven;Cancer research;12/04/2019;Brussels
Frank Bosmans;Professor;Department of Basic and Applied Medical Sciences, University of Ghent;Biotechnology, study of human diseases, sodium channels;13/04/2019;​
François Denuit;PhD Fellow, Political and social sciences;Université libre de Bruxelles;EU socioeconomic policies, Universal basic income, Social justice;04/04/2019;Leuven
Fraussen Bert;Assistant Professor;Leiden University;lobbying, civil society, stakeholder management and public affairs;10/01/2023;not set
Frederic Paillaugue;Professor in Anatomy, PhD Student, Physical Therapy;PhD at Vrije Universiteit Brussel, Prof at Haute-Ecole Bruxelles Brabant;Body composition and anatomy;02/05/2019;Leuven
Frederick Van Gestel;Arts & doctorandus Neurochirurgie;University Hostpital Brussels & Center For Neuroscience;Neurosurgery;20/04/2019;Leuven
Frederik Gerits;Researcher;ILVO;;12/04/2023;​
Freya Blekman;Research Professor in elementary particle physics;BeH, Vrije Universiteit Brussel, CERN;Particle physics;04/03/2019;Leuven
Fréderic Lesur;Ingénieur chercheur, responsable R&D;Nexans Calais;Researcher on high-voltage cables for energy supply;13/04/2019;Leuven
Frédéric Landragin;Directeur de recherche et linguiste;CNRS;Linguistique, informatique, science fiction;29/04/2021;​
Gauthier Bouche;Director of Clinical Research;The Anticancer Fund;Clinical Trials and Drug Repurposing;10/03/2022;​
Gauthier Bouche;Director Clinical Research;The Anticancer Fund;Clinical Trials and Drug Repurposing;22/04/2022;​
Geert Mortier;;University of Antwerp, Faculty of Medicine and Health Sciences;Should I have my genome sequenced or modified?;13/04/2019;not set
Geraldine Rodriguez Nieto;Postdoctorate Researcher;KU Leuven;Neural and metabolic processes associated to cognitive flexibility and ageing;03/07/2023;Leuven
Gerard Govers;Professor, Vice Rector and Head of the Sustainability Office;KU Leuven;Environmental Sustainability;11/04/2019;​
German Vighi;PhD student;KU Leuven;Apple breeding and plant reproductive biology;20/09/2023;Leuven
German Vighi;PhD Student;KU Leuven;;12/04/2023;Leuven
Gerrit De Bremme;Artist;Shellac Design;Graphic design, art work;02/04/2019;Leuven
Gert-Jan Wijnant;Postdoctoral Research Assistant;UCLouvain;Tropical infections. Flesh eating parasites;18/04/2022;Brussels
Gilles Pittoors;PhD Fellow in Political Science, GASPAR;Ghent University;Political Sciences;08/04/2019;Brussels
Giulia Sebastio and Richard Duffy;Science Communicators/ Professional Speakers;Edinburgh Science and Chemical Industry;Chemisty and Physics meet theatre and storytelling;05/01/2023;Leuven
Gorbanev Yury;;University of Antwerp, Faculty of Sciences;Warm-hearted cold plasma.;13/04/2019;Ostend
Greta Klejborowska;Postdoctoral Researcher (MSCA fellow), PhD;University of Antwerp (Faculty of Pharmaceutical, Biomedical and Veterinary Sciences, Laboratory of Medicinal Chemistry);Medicinal Chemistry;17/04/2023;not set
Gwen Falony;Post-doctoral researcher;VIB, KULeuven;Molecular Bacteriology;16/04/2019;Brussels
Hannah Hook;Doctoral Researcher;Ghent University;daily trip satisfaction, subjective well-being, undirected travel, travel behavior;06/09/2021;​
Hans De Loof;;University of Antwerp, Faculty of Pharmaceutical, Biomedical and Veterinary Sciences;Het placebo effect, gebruiksklaar?;13/04/2019;not set
Hans De Winter;;University of Antwerp, Faculty of Pharmaceutical, Biomedical and Veterinary Sciences;Zullen computers voor ons ooit nieuwe geneesmiddelen kunnen ontwerpen?;13/04/2019;Ostend
Hans Vangheluwe;;University of Antwerp;Modelling and Simulation (Professor of Computer Science);13/03/2019;​
Hans Vermeersch;Dr in de Sociologie;VIVES;Gender, nature-nurture jeugdwerk;18/03/2019;​
Harry Slachmuylders;PhD Researcher and Teaching Assistant;KU Leuven;Contractual rights and liabilities in circular business models;19/03/2020;Brussels
Hugo Ducret;Ph.D. student in marine biology;Université Libre de Bruxelles;I am working on the impact of light intensity on coral reef ecosystems.;17/01/2023;Leuven
Hugo Ducret;Ph.D. student in marine biology;Université Libre de Bruxelles;I am working on the impact of light intensity on coral reef ecosystems.;17/01/2023;Leuven
Hugues Goosse;Research director and Professor;Université catholique de Louvain;Climate modelling;13/04/2019;​
Idzi Potters;;Institute of Tropical Medicine;Creepy parasites: tales of the unexpected.;13/04/2019;Ostend
Ignace Bossuyt;PhD student;KU Leuven;Numerical mathematics - numerical computations;17/03/2022;Brussels
Ike Picone;Assistant professor & Senior Researcher;Vrije Universiteit Brussel;Journalism, technological innovations and democracy;25/04/2019;Leuven
Ilah Joos;Assistent;Ghent University;Industrial chemical thermodynamics;26/07/2023;Brussels
Ilona Cuijpers;PhD student, CMVB, KU Leuven;KU Leuven;Heart failure;12/04/2019;Brussels
Ilse Bracke;Research Valorization Director;IDLab - UAntwerpen - Imec;AI - IoT - 5G;26/03/2019;not set
Isabelle Ravier;Professor of criminology;Institut National de Criminalistique et de Criminologie;Juvenile courts and juvenile justice;04/03/2019;Leuven
Israel Ramírez;Postdoctoral researcher;KU Leuven;Theoretical and High- Energy Physics;11/04/2019;Brussels
Iuliia Efimova;PhD-fellow;Ghent University;Cancer and cell death;05/04/2023;​
Ive DE SMET;VIB/UGent Group Leader;VIB/UGent;Impact of climate change on plant growth + Combining art and genetics;07/04/2019;​
Jan De Lange;Lector fysica;Artevelde Hogeschool, associatie Universiteit Gent;Science and STEM education;06/04/2019;​
Jan Rombouts & Felix Nolet;PhD fellows, Laboratory of Dynamics in Biological Systems;KU Leuven;Mathematical modelling in biology;08/04/2019;​
Jan Seys;Science Communication;Flanders Marine Institute (VLIZ);Science Communication;12/04/2019;not set
Jan Trachet;Archeoloog, PostDoc;Universiteit Gent;Archeology, Middle Age harbour landscape Bruges region;20/04/2019;​
Jana Raman;PhD student;KU Leuven;Ageing, medicine;18/04/2022;Brussels
Janne Teerlinck;PhD researcher;KU Leuven;Nature-Based Solutions for Climate Resilient Domestic Gardens;12/04/2023;​
Jesse Erens;doctoraatstudent;Universiteit Gent;Worden salamanders uitgeroeid door een schimmelziekte?;14/04/2019;​
Jesse Erens;FWO PhD Fellow;Ghent University;Conservation biology, Ecology, Evolution;05/04/2019;​
Jessika De Clippeleer;Associate Professor in Brewing and Technology of Fermentation Processes;Ghent University;malting, brewing and fermentation technology;18/10/2022;​
Jinthe Van Loenhout;;University of Antwerp, Faculty of Medicine and Health Sciences;Using our own immune system to fight cancer.;13/04/2019;Ostend
Jo Leroy;;University of Antwerp, Faculty of Pharmaceutical, Biomedical and Veterinary Sciences;Vindt het jonge embryo dat fast food dieet van mama eigenlijk wel lekker?;13/04/2019;Ostend
Jo Olluyn;ex-brewer;Tall Poppy Brewing company;bio-engineer with a speciality in cell- and gene technology;17/04/2023;Ostend
Joachim Pelicaen;Verantwoordelijke evaluatie waterkwaliteit, Vlaamse Milieu Maatschappij (VMM);;;20/04/2023;​
Joanne Beames;Postdoctoral Research Fellow and Clinical Psychologist;KU Leuven;Youth mental health, depression, emotions, digital technology;10/02/2023;Brussels
Johan Rutgeerts;Architect, urbanist, senior lecturer;Faculteit Architectuur, Katholieke Universiteit Leuven;Architecture;02/04/2019;Brussels
Johan Yans;Professeur de Géologie;Université de Namur;Geology,environment, rare minerals for high tech products;01/09/2020;​
Johnny Duerinck;Neurosurgeon;University Hospital Brussels;AR/VR in surgery;22/04/2022;not set
Jonas Schoelynck & Eric Struyf;;University of Antwerp, Faculty of Sciences;;02/05/2019;Ostend
Jonas Schröder;PhD researcher;Department of Rehabilitation Sciences and Physiotherapy, Faculty of Medicine and Health Sciences, University of Antwerp;Medical sciences, Clinical Neurology, Rehabilitation;28/03/2022;Ostend
Josefien Van Olmen;;Institute of Tropical Medicine;How to improve health care for all.;13/04/2019;Ostend
Joseph Cheek;Project Manager, Communications Manager;International Polar Foundation (IPF);I'm contacting on behalf of engineers who work at the Princess Elisabeth station;21/03/2023;Leuven
Juan A. Aguilar;Experimental physicist;Physics Department, Université Libre de Bruxelles;Particle astrophysics, in particular in neutrino astronomy;14/04/2019;Leuven
Julia Bodensteiner;Ph. D. student;KU Leuven;Astronomy: Binaries and young stellar clusters;08/04/2019;Brussels
Jérémy Chastenet;Postdoc in astrophysics;Ghent University;Astrophysics of galaxies, the local universe;29/01/2024;​
Kamile Grusauskaite;Ph.D Candidate;KU Leuven - Institute for Media Studies;mediatization of conspiracy theories and looks at how and why people imagine conspiracies on YouTube;18/04/2022;Brussels
Karel Decaestecker;Professor of urology;Ghent University;Urology, robotics, kidney transplants;13/04/2019;​
Karen François;Professor;Vrije Universiteit Brussel;Philosophy of science, mathematical practices, cultures & education;03/04/2019;​
Karen Triquet;Researcher;Vrije Universiteit Brussels;Digitalization and educational innovation;15/05/2019;Leuven
Karine Van Doninck;Professor, ERC Grantee;Laboratory of Evolutionary Genetics and Ecology (LEGE), University of Namur;Laboratory of Evolutionary Genetics and Ecology (LEGE);01/05/2019;​
Kathy Steppe;Professor;Universiteit Gent, Faculteit Bio-ingenieurswetenschappen;Plant ecology, Interactions between plants and their environments;20/04/2019;​
Katrien Kolenberg;Astrofysicus and STEAM coordinator;KU Leuven and UAntwerpen;Working on sounds from outer space.;26/03/2019;​
Klingler;Group leader in Neuroscience;VIB-KU Leuven Center for Brain and Disease Research;Developmental Neuroscience;17/01/2024;Leuven
Koen Stein;Paleontologist;Vrije Universiteit Brussel & Royal Belgian Institute of Natural Sciences;Paleontology, dinosaurs;14/04/2019;Leuven
Kris Laukens;;University of Antwerp, Faculty of Sciences;Smart computers: guardians of your health.;13/04/2019;Ostend
Kristel Peters;Shoe designer;HoGent;Developing fashionable shoes with sustainable biomaterials;03/04/2019;​
Kristien Hens;Bioethicist , ERC Grantee;University of Antwerp, Department of Philosophy;Bioethicist, genetics, neurodiversity;01/05/2019;Ostend
Kristin Van Damme;Senior researcher and lecturer journalism and innovation;University of Gent;Media, social sciences;30/04/2021;​
Lars De Laet;Associate Professor;Architectural Engineering, Vrije Universiteit Brussel;Design and development of innovative sustainable constructions;03/04/2019;​
Laura Drechsler;PhD Researcher;Vrije Universiteit Brussel;Data subject rights in the context of data transfers;20/04/2022;not set
Laura Lopez;Researcher;Université Libre de Bruxelles;Gravity, Cosmology, early universe, dark matter;04/03/2019;Leuven
Laurent Vanderheyden;PhD student;Université Libre de Bruxelles;Black matter, theoretical physics;04/03/2019;not set
Laurie Freire Boullosa;;University of Antwerp, Faculty of Medicine and Health Sciences;Using our own immune system to fight cancer.;13/04/2019;not set
Laurien Van Dyck;PhD student and Grand Challenge project coordinator;VIB-KUL Center for Cancer Biology;Biomedical sciences: immune-oncology (immunotherapy);13/02/2020;Brussels
Lawrence Percival;Postdoctoral fellow;Vrije Universiteit Brussel;Analytical, Environmental and Geo- Chemistry;05/05/2019;Leuven
Lebrun, Delphine;Post-doctoral researcher;Ghent University;engineering sciences, optics, nano-world, LEDs, photocatalysis, science tools;06/11/2019;​
Lenka Zychova;Space Weather Scientist;Royal Belgian Institute for Space Aeronomy;Space weather;30/04/2021;​
Lennart Padberg;Junior Advisor European Affairs;Hague Belgium BVBA;Use of microbes for sustainable agriculture & food production.;10/06/2022;Leuven
Liesbeth Allein;PhD researcher;KU Leuven (Department of Computer Science) & European Commission's Joint Research Centre;Fake news and artificial intelligence;18/04/2022;Brussels
Lieven Thorrez;Professor (biomedical sciences);KU Leuven;Skeletal muscle tissue engineering;15/04/2019;​
Liezl Mari Vermeulen;PhD researcher;KU Leuven;;12/04/2023;Brussels
Liliana D'Alba;Senior Researcher;Universiteit Gent / Naturalis Biodiversity Center;Biomimicry / Evolution and mechanisms of animal coloration;28/04/2022;​
Liliana D'Alba;Scientific Researcher;Universiteit Gent / Naturalis Biodiversity Center;Evolution and mechanisms of animal coloration / Biomimicry.;28/04/2022;​
Livia Di Crescenzo;PhD student;KU Leuven;Behavioral testing, mice social behavior, animal model of autism spectrum disorder;05/01/2024;Leuven
Ljuba Ponomarev;PhD student;KU Leuven;Medecine, blood ,therapies, milky vessels;18/04/2022;Brussels
Louis Fortemps;PhD candidate;KU Leuven;German propaganda in Belgium during WW2;16/04/2023;Leuven
Luis, Diaz Allegue;Postdoc at;University of Antwerp;Bioscience engineering and microbial biotech;21/01/2024;Antwerp
Luk Cox and Idoya Lahortiga;Combining science and visual communication;Somersault18:24;Science promotion and communication via design;15/04/2019;Leuven
Maarten Mees;Renewable Materials and Nanotechnology Research Group;KU Leuven;Wound healing gels;13/04/2019;​
Maarten Schenk;Fact Checker & Developer;Lead Stories;fact checking;25/04/2019;​
Maja Verstraeten;;University of Antwerp;Physics, Neutrinos;04/03/2019;Ostend
Mana Inoue;Postdoctoral Researcher;ULB;Glaciochemist specialising in ice core analysis;30/04/2019;Leuven
Manon Couvignou;PhD candidate;ULB;How the brain encodes and understands music.;16/04/2023;Brussels
Marc Kochzius;Professor for Marine Biology;Vrije Universiteit Brussel (VUB);Marine biology from the poles to the tropics.;08/01/2020;Leuven
Marc Kochzius;Professor of Marine Biology;Vrije Universiteit Brussel;Marine biology, in particular coral reefs;04/03/2019;Leuven
Marc Kochzius;Professor for Marine Biology;Vrije Universiteit Brussel (VUB);Marine Biology, from tropical coral reefs to polar seas.;30/03/2021;Leuven
Marc Meuris;Programme Manager;IMEC/IMOMEC;Materials, Renewable energy;24/04/2019;​
Marc Vandenbrande;Creative video maker and scientist;Marc Vandenbrande;Video, communication, change;02/04/2019;not set
Marc-Antoine Sabaté;PhD Student in Political Science;Université libre de Bruxelles;Political Science, Political Theory, Political Philosophy;05/04/2019;Leuven
Marco Coratolo;PhD Candidate, Neuroscience;Université de Liège;Neuroscience, art, memory;14/04/2019;​
Marco Gandolfi;Ph.D. Student;KU Leuven and Università Cattolica del Sacro Cuore;Fundamental physics of nano-structures;02/04/2019;Brussels
Marco Marino;Postdoctoral researcher;KU Leuven;Neuroscience and Neuroimaging;06/02/2020;Brussels
Marcus Ingram;Postdoctoral Research Associate;KU Leuven;Echocardiography;20/11/2020;Brussels
Margot Michaud;Postdoctorant in evolutionary biology;Royal Museum for Central Africa, Department of African Zoology;Paleontology - Zoology / Brain Evolution;11/01/2021;Leuven
Marianna Decet;PhD student, Lab of Neuronal Communication;VIB Center for Brain and Disease Research, KU Leuven;How do neurons take their garbage out and what happens when they don’t?;17/04/2023;Brussels
Marianna Decet;PhD Student;VIB Center for Brain and Disease Research, KU Leuven;;12/04/2023;​
Marie Van de Sande;Postdoctoral researcher;KU Leuven;Stellar Astronomy & Astrochemistry;02/04/2019;Brussels
Marie Van de Sande;Postdoctoral fellow;KU Leuven;Physics and astronomy. Recycling a star;01/09/2020;Brussels
Marie Vanhoof;Assistant of Anatomy;KU Leuven;Human/primate evolution/anatomy;17/03/2019;​
Marie-Leen Verdonck;Advisor;Antea Group;Urban heat islands and sustainable urban planning;05/04/2019;not set
Marieke Dubois;Post-doctoral Scientist;VIB-UGent Center for Plant Systems Biology;molecular plant biology;13/04/2019;​
Mariella Debille;Researcher;Odisee University College;Industrial Science and Technology - Biotechnology;10/04/2019;​
Marijke De Belder;Postdoc Researcher;Oldenburg University, Germany;Dutch linguistics;10/04/2019;​
Marjan Doom;Director Ghent University Museum;Ghent University;Science and Art;04/04/2019;​
Marlies Vanden Bempt;Coordinator of the single-cell immune-oncology platform;VIB center for cancer biology;single-cell sequencing in immuno-oncology;05/04/2019;not set
Marlies Vanden Bempt;Postdoctoral researcher;VIB- KU Leuven Center for Cancer Biology;Animal experiments;30/04/2021;Brussels
Marnix Surgeon;Adjunct afdelingshoofd;Europese Commissie;Research and Innovation Policy;07/04/2019;​
Marta, Vanin;(nearly graduated) PhD student;KU Leuven and Energyville;Electricity distribution networks;27/10/2022;​
Marthe De Boevre;Post-Doctoral Researcher – MYTOX-SOUTH Co-Coordinator;Ghent University;‘Mycotoxins and human health impact’;12/04/2019;Leuven
Martin Roelfs;PhD Student, Science, Engineering and Technology Group;KU Leuven (Kortrijk Campus);symmetry play in modern physics;13/04/2019;​
Martina Orefice;Postdoctoral researcher;KU Leuven;Metal extraction, separation and recovery;19/11/2019;Brussels
Marzia Mazzonetto;Deputy Coordinator;TRANSFORM project;Stakeholder engagement, public consultation, science enagagement;09/09/2020;Leuven
Massaut Vincent;Deputy Director Nuclear research Center;SCK-CEN, Mol;Dismantling of nuclear facilities and thermonuclear fusion;22/05/2019;​
Mathias Bonal;PhD candidate;ULB;Microbiology;01/02/2023;not set
Matthias Heyman;Postdoctoral Fellow, Jazz and Popular Music;Antwerp University;Jazz and Popular Music Research;08/04/2019;Brussels
Matthieu Da Costa;PhD Fellow, Center of Synthetic Biology;Ghent University;Biocatalysis and Enzyme Engineering;08/04/2019;​
Matthieu Kervyn De Meerendre;Professor;VUB;Volcanology;16/04/2023;Leuven
Maxime Duménil;Chargé de projet – Cellule de diffusion des sciences et des technologies de l’UMONS;UMONS;Technology;19/04/2019;​
Melissa Mabesoone;;;;15/05/2023;​
Melody Cools;Research Associate;LABIRIS;Yeast as model organism for cellular biology;16/04/2023;Leuven
Merlijn Morisse;Biotech project manager, project EMPHASIS;VIB-UGent Center for Plant Systems Biology;plant biology, crops;13/04/2019;​
Michael Creek;Co-Founder;Stickydot;Participation, co-creation, consensus decision-making, deliberative democracy;31/08/2020;Leuven
Michael Hinneh;PhD researcher;Ghent University;Modify post-harvest conditions to improve the taste of bulk cocoa and chocolate;11/04/2019;​
Michael Hinneh;Doctoral Researcher - Cocoa & Chocolates;Ghent University, KU Leuven;Cocoa & Chocolates, flavor chemistry, food technology;30/04/2019;​
Michel Crucifix;Senior research associate and professor;Université Catholique de Louvain;Climatology;13/04/2019;​
Michel Tytgat;null;Université Libre de Bruxelles;Cosmologie (inflation, from infinitely small to infinitely big);04/03/2019;Leuven
Michele Nicastro;;University of Antwerp, Faculty of Sciences;Magnetic resonance images: just pretty pictures, or is there more to it?;13/04/2019;Ostend
Michiel Schreurs;PhD student at Leuven institute for beer research;Leuven institute for beer research;Beer;29/09/2022;Brussels
Mihir Gupta;Researcher;IMEC KU Leuven;Personalized medicine using computer chip technology;18/04/2022;Brussels
Mihnea Tanasescu;Senior Research Fellow, political ecology;Vrije Universiteit Brussel;The rights of nature, the politics of ecological collapse;18/02/2022;not set
Mike Laverick;Ph.D. student;KU Leuven;Stellar Astronomy & Atomic Physics;02/04/2019;Brussels
Mireia Valles-Colomer;Ph.D. Student;VIB - KU Leuven;Bioinformatics, Systems biology, Microbiology;02/04/2019;Leuven
Mystery Man;Ongetwijfeld een zeer interessante betrekking;De universiteit van de toekomst;...;14/04/2019;​
Mélibée Morel;PhD student;University of Antwerp- Biology department;Behavioural ecology and movement ecology in birds;17/04/2023;Antwerp
Natalia Alderete;Post-doc in Civil Engineering;Ghent University;Sustainable materials in concrete technology;08/04/2019;​
Nathan Van Den Bossche;Associate Professor;Faculteit Ingenieurswetenschappen en Architectuur, Universiteit Gent;Structural Design, Sustainable Construction, Building Techniques;02/04/2019;​
Nathaniel James Hendrik;PhD researcher;Ghent University;Use 3D printing technology to explore the possibility of cocoa and chocolate;11/04/2019;​
Nele Vandersickel;Post Doctoral Researcher;Ghent University;Heart diseases, computer modelling;02/04/2019;​
Nellie Konijnendijk;Policy officer equality and diversity;KU Leuven;Gender Equality and Diversity;08/04/2019;​
Nerea Rodriguez Rodriguez;Postdoctoral researcher;KU Leuven;Chemical engineering;12/04/2019;Brussels
Nick Vangheluwe;PhD candidate;VIB/UGent;Characterization of plant cell division in lateral root development;11/04/2019;​
Nico Callewaert;Group Leader;VIB;Microbiology, structural biology, Protemics;04/03/2019;​
Niels Langenaeken;Postdoctoral Researcher at the Laboratory of Food Chemistry and Biochemistry;KU Leuven;Impact of cereals on the efficiency and sustainability of brewing and beer;26/10/2022;Brussels
Nuria Martín García;Postdoctoral Fellow, Center for Surface Chemistry and Catalysis;KU Leuven;Chemical Catalysis;11/04/2019;​
Olga Gkotsopoulou;PhD Researcher;Vrije Universiteit Brussel;EU data protection legal language and accessibility;27/04/2022;​
Olivier Collignon;Principal Investigator, Research associate FNRS, ERC Grantee;Université Catholique de Louvain;Brain plasticity and sensory deprivation/restoration.;04/03/2019;​
Panagiotis Tsampanis;Honour student for the Institute of the Future;KU Leuven;Pandemics;18/04/2022;Brussels
Paola Ruffo;Marie-Curie Postdoctoral Researcher;Ghent University;I research human-computer interaction in literary translation;30/07/2023;Brussels
Paolo Carai;PhD student, CMVB, KU Leuven;KU Leuven;Heart failure;12/04/2019;Brussels
Patrice Cani;Professor and Senior Research Associate FRS-FNRS, ERC Grantee, Welbio grantee;Université Catholique de Louvain, FNRS, WELBIO;Investigation of the role of the gut microbiota in metabolic diseases;03/04/2019;​
Patrice Soumillion;Professor;Université Catholique de Louvain;Biochemistry and genetics of micro-organisms;03/04/2019;​
Patrik Verstreken;Principal Investigator, ERC Grantee;VIB- KU Leuven;Neuroscience;11/04/2019;​
Pedro Fardim;Professor, Chemical Engineering;KU Leuven;sustainable technologies, creative research and education, Chemical Engineering;03/05/2019;Leuven
Philippe Jorens;;University of Antwerp, Faculty of Medicine and Health Sciences;The smart medicine of the future.;13/04/2019;Ostend
Philippe Mertens;Advisor;Brulocalis;Participatory governance. citizen engagement. Citizen initiatives;01/09/2020;Leuven
Pierre Van Damme;;University of Antwerp, Faculty of Medicine and Health Sciences;Nederlanders worden in Antwerpen in containers opgesloten voor de wetenschap: een;13/04/2019;Ostend
Pierre Vanderhaeghen;Principal Investigator, ERC Grantee, Welbio grantee;VIB- KU Leuven & Université Libre de Bruxelles;Human brain development;11/04/2019;​
Pierre de Buyl;Physicist;Royal Meteorological Institute of Belgium;Physics;22/04/2022;Brussels
Pierre de Buyl;Postdoctoral research in Physics;KU Leuven;Statistical physics and nonlinear dynamics;25/11/2019;Brussels
Pierre de Buyl;Scientist at the Royal Meteorological Institute of Belgium;Royal Meteorological Institute of Belgium;Earth Radiation Budget;03/02/2024;Brussels
Piet Bracke;Professor of Sociology;Ghent University;Sociology of health and illness, social epidemiology, gender and power;18/03/2019;​
Pieter Tijtgat;Science communicator and researcher;Odisee University College;Education;10/04/2019;​
Pirita Lindholm;Director;European Regions Research and Innovation Network (ERRIN);Smart cities, research policy, climate change;31/08/2020;Leuven
Pralle Kriengwatana;Postdoctoral researcher;KU Leuven, Belgium;comparative bioacoustics, animal welfare, acoustic enrichment;12/02/2024;Leuven
Prashant Kadam;Postdoctoral Research Scientist;Vrije Universiteit Brussel;Male festility vs toxicology;22/04/2022;​
Prashant Kadam;Postdoctoral researcher;Vrije Universiteit Brussel;Animal welfare, preclinical disease modeling, and lab animal sciences;25/04/2022;​
Prof. dr. Ir. Jana Asselman;Professor Oceans & Human Health, Universiteit Gent (UGent);;;20/04/2023;Ostend
Prof. dr. Ronny Blust;Vicerector Onderzoek en gewoon hoogleraar Onderzoeksgroep Ecosphere, Departement Biologie, Universiteit Antwerpen;;;20/04/2023;Ostend
Quinten Deparis;Post-Doc Laboratory For Genetics And Genomics;KU Leuven;How did our ancestors help in creating the beer yeast diversity;27/11/2022;​
Raes;Professor of Psychology;KU Leuven;depression, worry, psychotherapy, mindfulness;17/03/2022;Ostend
Rahimpour, Masoomeh;Ms.;KU Leuven, department of imaging and pathology;Medical Image processing;14/02/2020;Brussels
Raya Mertens;Post-doctoral researcher;KU Leuven;3D printing, material study;18/03/2019;​
Renata Barros;Geology postdoctoral researcher;Geological Survey of Belgium;Regional geology and subsurface management;10/04/2019;Leuven
Renske van Raaphorst;Postdoctoral researcher;UCL;Genetics of bacteria;16/04/2023;​
Rocco Stirparo;Ph.D Student;VIB - KU Leuven Center for Cancer Biology;Cancer Biology, Leukemia;02/04/2019;​
Rodolfo Marin Rivera;Research Associate;KU Leuven;Chemical engineering, metallurgy, extraterrestrial mining;07/02/2024;Leuven
Roelfs Martin;PhD Student;KU Leuven;Physics;14/04/2019;​
Roland Lehoucq;Astrophysicien;Commissariat à l'énergie atomique et aux énergies alternatives;Astrophysique, vulgarisation;29/04/2021;​
Romain Laugier;Astronomer;KU Leuven, Belgium;Direct imaging of exoplanets with interferometry;21/11/2022;Brussels
Ronald Terrazas Mallea;PhD Student;Université Libre de Bruxelles;Manipulation microparticles;04/03/2019;Leuven
Rosa Fucci;PhD student;University of Antwerp;organic synthesis, heterogeneous and homogeneous catalysis;03/03/2019;Ostend
Rémi Collombet-Gourdon;Policy Officer;Ocean Energy Europe;Marine energy, ocean energy, renewables;24/04/2019;not set
Saelens Xavier;Professor;IRC, VIB Ugent;Influenza;14/04/2019;​
Sainan Sun;Postgraduate Researcher;ULB;Ice sheet modelling;30/04/2019;Leuven
Sandra Van Vlierberghe;Principal investigator;Centre of Macromolecular Chemistry, University of Ghent;Polymer Chemistry & Biomaterials;02/04/2019;Leuven
Sarah Baatout;Professor in Radiobiology;Belgian Nucler Research Center (SCK CEN), Mol, Belgium;(Space) radiation biology & medicine, human physiology, Antarctica;05/04/2020;Leuven
Sarah Baatout;Professor, Head of Radiobiology Unit;Belgian Nuclear Research Centre;Radiobiology - space radiation, how that impacts space travel;04/03/2019;Leuven
Sarah Vanbesien;Laureaute of EOS scription price 2018;Ghent University;Bio-engineer, bees and plants, mathematical modeling, app development;14/04/2019;​
Sarah Verlust;Associate Professor in Hearing Technology;Ghent University, WAVES;How sound and speech are encoded along the auditory pathway.;04/03/2019;​
Sarah Wauthy;PhD student;Université libre de Bruxelles;Glaciology, ice cores from Antarctica;27/01/2023;Leuven
Sarah Wauthy;PhD candidate;ULB;Evolution of Antarctica ice;16/04/2023;Leuven
Sarah, Gorissen;PhD Student in Health Behaviours;KU Leuven;Epidemiology & Psychology: behaviour in pandemics;23/02/2024;Leuven
Sarina Geldhof;Postdoctoral researcher in experimental nuclear physics;KU Leuven/CERN;Laser spectroscopy of radioactive nuclei;31/03/2021;​
Savvas Savvides;Professor;VIB-UGent Center for Inflammation Research;Inflammation and immunity;14/05/2019;​
Sebastian Dan;;Departement Mobiliteit en Openbare Werken, Vlaamse overheid;Sand castles on the beach as a smart adaptation to rising sea levels.;13/04/2019;Ostend
Sebastian Proost;Senior postdoc;VIB - KU Leuven;Bacteria in human guts;01/09/2020;Brussels
Sebastian Rodriguez;CampaignTech consultant;Rollout Democracy;Technology applied to political campaigns;20/05/2019;Leuven
Shane Vermeersch;Teacher;;STEM computer, education, schools;13/04/2019;​
Silvia Pugliese;PhD student in Chemistry;University of Namur;Electrochemical reduction of CO2, with the aim of developing an artificial leaf;26/04/2021;​
Simon Ghiotto;fellow;simon ghiotto policy;basic income, family policy, poverty, life long learning;13/04/2021;​
Sofie Bossaert;PhD;Laboratory for Process Microbial Ecology and Bioinspirational Management (PME&BIM) of KU Leuven;barrel-ageing of (sour) beer;06/10/2022;​
Sonali Salvi;PhD Candidate;Center for Regenerative Therapies, TU Dresden;Stem cells, organoids, mini brains;21/03/2022;​
Sophie Verheyden;Dr in geosciences;Belspo - VUB - RBINS.;Environmental and climate reconstruction from speleothems i.e. stalagmites etc...;14/10/2019;Leuven
Stef Aerts;Program director, researcher and lecturer;Odisee University College;Industrial Science and Technology - Biotechnology;10/04/2019;​
Stefanie Dens;Ingenieur-architect, urbanist;Witteveen+Bos;urbanism;24/04/2019;Leuven
Stephan Hoornaert;Biomimicry;Morpho-Biomimicry;Molecular biology to astrobiology;02/05/2019;​
Steven DeGraer;Head of the marine ecology and management section;Royal Belgian Institute of Natural Sciences;marine management, nature conservation, ecosystem management, aquatic biodiversity;14/04/2019;Leuven
Steven Jillings;;University of Antwerp, Faculty of Sciences;How does space flight affect the brain?;13/04/2019;Ostend
Steven Latré;;University of Antwerp, Faculty of Sciences;Zijn computers intelligenter dan ons (aan het worden)?;13/04/2019;Ostend
Stuart Maudsley;;University of Antwerp, Faculty of Pharmaceutical, Biomedical and Veterinary Sciences;How precise can your medicine be?;13/04/2019;Ostend
Susan Nasif;Virologist, Founder and Artist;Cimaza;Virologist and Comic Artist;08/04/2019;Brussels
Sven Bulterijs;Master student in biochemie en biotechnologie;Universiteit Gent;Extending healthy human lifespan.;03/03/2019;​
Sven Van Haelst;Maritime archaeologist;Flanders Marine Institute (VLIZ);Maritime archeology;11/04/2019;Antwerp
Sylvie Nozaradan;Professor;UCLouvain;The neuroscience of musical rhythm: how music makes us move;09/03/2020;Leuven
Sébastien Clesse;Researcher;Université de Namur;Cosmologie, Inflation, Fond Cosmique Micro-ondes (CMB), Fond Cosmique, physique théorique;04/03/2019;​
Tamara Traitteur;MSc of Science, currently pursuing my PhD;University of Antwerp;Academic research in immunotherapy for autoimmune diseases;29/11/2021;Ostend
Tamaya Van Criekinge;PhD;University of Antwerp;Biomechanics, 3D movement/gait analysis, stroke rehabilitation/physiotherapy;25/07/2019;Ostend
Taïssa Danilovich;Postdoctoral researcher, member of an ERC-funded team;KU Leuven;Astronomy: Molecules around stars;08/04/2019;Brussels
Taïssa Danilovich;Senior Postdoctoral Fellow;KU Leuven;Molecules around dying stars;30/03/2021;Brussels
Thierry Dutoit;Professeur;UMONS;Speech and audio processing, signal processing;19/04/2019;​
Thijs van Gerrewey;Project Engineer & PhD student;Universiteit Gent;Vertical farming, crop quality, Plants in space;15/04/2019;not set
Thomas Ryckewaert;;;;15/05/2023;​
Tiago Falcone;Lambic brewer;Brussels Beer Project DANSAERT;Expert in Gueuze beers brewery;08/12/2022;​
Tim Boogaerts;Doctor in Pharmaceutical Sciences;University of Antwerp;Environmental Chemistry, Wastewater-based epidemiology, Pharmaceutical Sciences;23/10/2023;Antwerp
Tim Duerinck;PhD student Royal Academy of Fine Arts & Royal Conservatory;Universiteit Gent;Combines innovation with hand-made craftmanship to make new instruments;11/04/2019;​
Tom Lemmens;Ph.D. student, member of an ERC-funded team;KU Leuven;Theoretical Physics & Quantum Cosmology;03/04/2019;Brussels
Tom Mertens;Researcher and consultant;Biercentrum Delvaux;Beer Quality Control and Development;08/04/2019;Brussels
Toon Baeyens;PhD Researcher;Ghent University;Applied Mathematics, Computer Science and Statistics;10/04/2019;​
Toon Calders;Data mining researcher & Professor;University of Antwerp;Data mining, computer research;14/04/2019;Ostend
Valeria Zambianchi;Phd researcher;KU Leuven;;11/05/2023;Leuven
Valérie Pattyn;Assistant Professor;Leiden University;Science and policy;22/04/2022;​
Valérie Wittamer;Principal Investigator, FNRS Research Associate & WELBIO investigator;IRIBHM - Université Libre de Bruxelles;Hematopoietic cell development;11/04/2019;Leuven
Van Tricht Lander;PhD Student;VUB;Cryosphere, Glaciers, Climate Change;30/03/2022;Ostend
Vanessa Cool;PhD Candidate;KU Leuven, Department of Mechanical Engineering, Division LMSD, Leuven, Belgium;mechanical engineering, vibro-acoustics, (topology) optimization, metamaterials;05/01/2023;Brussels
Victoria Ossorio-Salazar;PhD student;Laboratory of Biological Psychology, KU Leuven.;Don’t be fooled! Small mice play a big role in chemotherapy research.;17/04/2023;Brussels
Victoria Ossorio-SalazarAlba Lopez-Moraga;PhD Student;KU Leuven;;12/04/2023;​
Vikram Virdi;Postdoctoral Researcher, member of an ERC-funded team;VIB-UGent Center for Medical Biotechnology;Biotechnology, transgenic plants, antobodies, seeds;13/04/2019;​
Ward Decaestecker;PhD Student;VIB-UGent Center for Plant Systems Biology;genome editing of plant genomes, plant biology;13/04/2019;​
Ward Van Roy;Aerial Surveillance Operator;Royal Belgian Institute of Natural Sciences;Plane sampling of water;22/04/2022;Leuven
Wenke Smets;;University of Antwerp, Faculty of Sciences;Allergies, pesticides and air pollution: large problems and their microscopic solu;13/04/2019;not set
Wim De Clercq;Professor;Universiteit Gent;Smakelijke genetica: het geval van het menapisch varken;13/04/2019;not set
Wim De Winter;Maritime historian;Flanders Marine Institute (VLIZ);Research on 18th century Southern-Netherlandish Prize Papers, Social and Cultural;11/04/2019;Antwerp
Wim Vanden Berghe;;University of Antwerp, Faculty of Pharmaceutical, Biomedical and Veterinary Sciences;From Ayurvedic root to nanodrug: a bumpy road from the tropical forest to the canc;13/04/2019;​
Wout Merbis;Dr in Theoretical Physics;Université Libre de Bruxelles;Black holes, gravity, time travel;04/03/2019;Leuven
Xavier Saelens;Professor;VIB-UGent Center for Medical Biotechnology;Inflammation and immunity, Microbiology, Human influenza;13/04/2019;​
Yoann Genolini;Post Doctoral Researcher;Université Libre de Bruxelles;Dark matter;14/04/2019;Leuven
Yongmei Gong;Post-Doctoral Researcher;Department of Geography, Vrije Universiteit Brussel;Glaciology, numerical modeler;14/04/2019;Leuven
Yury Gorbanev;;University of Antwerp;Chemical interactions between cold plasma and liquids;11/04/2019;Ostend
bart de strooper;professor of Alzheimer's Disease;Leuven and VIB;neuroscience, molecular cell biology, Alzheimer's Disease;17/01/2024;Leuven
koun choi;post doc;ULB (current) / USC (in may);particle and astro-particle physics;03/03/2020;Brussels
